user_id,username,email,created_at
1,user1,user1@example.com,2022-08-22 13:28:58
2,user2,user2@example.com,2020-03-15 04:05:11
3,user3,user3@example.com,2022-10-03 15:15:04
4,user4,user4@example.com,2020-06-21 01:36:47
5,user5,user5@example.com,2023-02-06 03:48:40
6,user6,user6@example.com,2023-05-24 16:44:03
7,user7,user7@example.com,2022-04-25 20:55:47
8,user8,user8@example.com,2021-07-24 11:55:02
9,user9,user9@example.com,2021-01-07 00:55:57
10,user10,user10@example.com,2020-01-23 18:29:13
11,user11,user11@example.com,2023-01-28 20:07:01
12,user12,user12@example.com,2020-04-24 07:01:02
13,user13,user13@example.com,2021-10-23 20:44:22
14,user14,user14@example.com,2023-08-13 10:46:51
15,user15,user15@example.com,2020-12-06 08:53:35
16,user16,user16@example.com,2021-06-11 17:29:31
17,user17,user17@example.com,2021-06-28 23:41:16
18,user18,user18@example.com,2020-11-20 05:47:06
19,user19,user19@example.com,2021-04-23 01:43:25
20,user20,user20@example.com,2022-12-22 04:03:47
21,user21,user21@example.com,2020-09-05 08:45:39
22,user22,user22@example.com,2020-05-15 22:29:51
23,user23,user23@example.com,2021-11-26 17:51:27
24,user24,user24@example.com,2021-05-17 03:34:16
25,user25,user25@example.com,2020-11-27 00:42:09
26,user26,user26@example.com,2020-02-07 07:46:38
27,user27,user27@example.com,2020-02-20 07:57:45
28,user28,user28@example.com,2023-02-05 23:34:16
29,user29,user29@example.com,2023-04-06 10:53:56
30,user30,user30@example.com,2020-09-17 06:17:11
31,user31,user31@example.com,2023-11-26 16:32:59
32,user32,user32@example.com,2023-08-25 12:33:07
33,user33,user33@example.com,2023-02-04 11:34:30
34,user34,user34@example.com,2023-11-04 06:57:14
35,user35,user35@example.com,2021-09-20 02:52:09
36,user36,user36@example.com,2020-08-22 04:34:25
37,user37,user37@example.com,2023-02-10 13:46:43
38,user38,user38@example.com,2020-11-12 12:55:02
39,user39,user39@example.com,2021-12-28 01:41:55
40,user40,user40@example.com,2021-06-07 16:35:04
41,user41,user41@example.com,2021-12-18 01:24:57
42,user42,user42@example.com,2021-10-05 20:20:17
43,user43,user43@example.com,2020-09-28 17:11:13
44,user44,user44@example.com,2023-03-03 06:17:39
45,user45,user45@example.com,2020-05-02 11:48:47
46,user46,user46@example.com,2022-06-24 20:58:00
47,user47,user47@example.com,2020-06-09 00:47:52
48,user48,user48@example.com,2023-01-03 13:37:17
49,user49,user49@example.com,2022-05-23 13:24:16
50,user50,user50@example.com,2020-12-09 04:24:51
51,user51,user51@example.com,2021-02-07 09:48:06
52,user52,user52@example.com,2023-01-26 14:15:09
53,user53,user53@example.com,2022-10-17 16:25:57
54,user54,user54@example.com,2020-04-03 18:29:13
55,user55,user55@example.com,2023-03-18 12:12:48
56,user56,user56@example.com,2020-08-14 05:51:27
57,user57,user57@example.com,2020-07-12 02:49:50
58,user58,user58@example.com,2022-04-13 04:22:28
59,user59,user59@example.com,2021-10-09 14:07:15
60,user60,user60@example.com,2020-04-15 19:18:46
61,user61,user61@example.com,2021-12-29 18:21:46
62,user62,user62@example.com,2021-07-11 07:23:56
63,user63,user63@example.com,2023-03-24 15:15:32
64,user64,user64@example.com,2021-05-10 05:18:42
65,user65,user65@example.com,2022-06-09 11:41:14
66,user66,user66@example.com,2021-10-09 20:25:39
67,user67,user67@example.com,2022-04-01 23:09:02
68,user68,user68@example.com,2020-03-05 05:54:38
69,user69,user69@example.com,2021-04-11 08:06:36
70,user70,user70@example.com,2023-12-13 21:18:48
71,user71,user71@example.com,2022-03-24 09:06:23
72,user72,user72@example.com,2021-09-14 12:18:11
73,user73,user73@example.com,2023-06-02 08:05:24
74,user74,user74@example.com,2021-06-16 07:12:17
75,user75,user75@example.com,2020-02-03 23:13:12
76,user76,user76@example.com,2020-11-22 23:11:48
77,user77,user77@example.com,2022-12-11 12:03:46
78,user78,user78@example.com,2023-05-14 04:48:41
79,user79,user79@example.com,2022-03-08 13:15:06
80,user80,user80@example.com,2023-11-18 16:22:08
81,user81,user81@example.com,2022-05-09 19:05:26
82,user82,user82@example.com,2020-08-18 03:32:15
83,user83,user83@example.com,2021-04-28 03:54:27
84,user84,user84@example.com,2023-03-03 01:56:00
85,user85,user85@example.com,2023-09-07 10:34:45
86,user86,user86@example.com,2022-09-25 21:58:40
87,user87,user87@example.com,2022-05-05 01:20:13
88,user88,user88@example.com,2023-01-07 14:42:56
89,user89,user89@example.com,2021-02-06 13:01:36
90,user90,user90@example.com,2022-10-20 16:11:56
91,user91,user91@example.com,2022-12-19 14:33:00
92,user92,user92@example.com,2022-07-03 23:48:17
93,user93,user93@example.com,2023-08-26 17:15:54
94,user94,user94@example.com,2020-11-01 18:24:45
95,user95,user95@example.com,2022-10-12 08:56:32
96,user96,user96@example.com,2020-09-04 05:47:10
97,user97,user97@example.com,2020-10-12 05:08:43
98,user98,user98@example.com,2023-04-18 08:18:17
99,user99,user99@example.com,2020-12-17 02:45:11
100,user100,user100@example.com,2021-08-17 02:09:33
101,user101,user101@example.com,2021-10-11 13:55:09
102,user102,user102@example.com,2023-10-22 19:06:21
103,user103,user103@example.com,2021-09-24 09:32:20
104,user104,user104@example.com,2021-10-03 19:46:55
105,user105,user105@example.com,2021-10-15 01:34:55
106,user106,user106@example.com,2021-01-03 01:50:42
107,user107,user107@example.com,2023-10-30 14:23:06
108,user108,user108@example.com,2023-04-17 16:52:18
109,user109,user109@example.com,2020-04-05 12:20:05
110,user110,user110@example.com,2022-10-11 08:35:40
111,user111,user111@example.com,2022-04-17 04:27:40
112,user112,user112@example.com,2023-04-29 02:55:03
113,user113,user113@example.com,2021-12-30 21:43:55
114,user114,user114@example.com,2020-01-29 08:27:52
115,user115,user115@example.com,2021-08-18 12:20:40
116,user116,user116@example.com,2020-04-13 15:06:38
117,user117,user117@example.com,2023-04-15 21:13:13
118,user118,user118@example.com,2021-09-17 20:17:37
119,user119,user119@example.com,2021-03-12 07:45:07
120,user120,user120@example.com,2021-09-20 23:41:50
121,user121,user121@example.com,2020-05-23 18:53:02
122,user122,user122@example.com,2022-02-16 06:54:35
123,user123,user123@example.com,2021-08-24 17:37:48
124,user124,user124@example.com,2022-10-01 07:31:57
125,user125,user125@example.com,2022-08-22 02:50:01
126,user126,user126@example.com,2021-05-05 22:05:22
127,user127,user127@example.com,2020-12-01 05:08:31
128,user128,user128@example.com,2020-10-07 15:52:54
129,user129,user129@example.com,2023-05-05 14:52:20
130,user130,user130@example.com,2020-01-31 13:50:50
131,user131,user131@example.com,2021-04-08 21:39:25
132,user132,user132@example.com,2021-08-27 13:28:39
133,user133,user133@example.com,2022-01-04 01:31:49
134,user134,user134@example.com,2023-09-01 16:37:42
135,user135,user135@example.com,2020-01-12 22:22:28
136,user136,user136@example.com,2020-08-12 08:50:15
137,user137,user137@example.com,2022-08-04 05:36:15
138,user138,user138@example.com,2021-12-06 00:23:59
139,user139,user139@example.com,2023-09-01 12:51:44
140,user140,user140@example.com,2021-07-02 23:21:53
141,user141,user141@example.com,2023-10-03 16:26:52
142,user142,user142@example.com,2021-01-12 23:12:16
143,user143,user143@example.com,2020-07-05 02:31:36
144,user144,user144@example.com,2020-10-29 05:47:56
145,user145,user145@example.com,2020-04-09 16:38:36
146,user146,user146@example.com,2020-02-28 11:23:33
147,user147,user147@example.com,2023-08-04 06:34:27
148,user148,user148@example.com,2023-05-26 04:53:27
149,user149,user149@example.com,2021-09-22 18:13:26
150,user150,user150@example.com,2020-12-24 23:20:50
151,user151,user151@example.com,2021-11-04 00:35:44
152,user152,user152@example.com,2023-10-02 13:44:29
153,user153,user153@example.com,2020-04-16 18:59:52
154,user154,user154@example.com,2022-06-17 08:52:56
155,user155,user155@example.com,2022-02-06 07:17:52
156,user156,user156@example.com,2022-07-11 07:50:35
157,user157,user157@example.com,2021-04-23 14:33:04
158,user158,user158@example.com,2020-11-18 14:21:52
159,user159,user159@example.com,2020-12-28 09:05:43
160,user160,user160@example.com,2020-06-16 22:23:34
161,user161,user161@example.com,2023-05-09 01:42:15
162,user162,user162@example.com,2020-05-07 12:09:22
163,user163,user163@example.com,2022-07-04 14:05:06
164,user164,user164@example.com,2022-05-25 06:46:26
165,user165,user165@example.com,2021-09-26 08:43:30
166,user166,user166@example.com,2022-05-14 04:45:22
167,user167,user167@example.com,2022-08-29 20:50:23
168,user168,user168@example.com,2021-10-23 06:37:58
169,user169,user169@example.com,2023-05-02 19:45:45
170,user170,user170@example.com,2022-06-07 14:28:02
171,user171,user171@example.com,2020-07-08 19:47:20
172,user172,user172@example.com,2022-07-14 04:28:34
173,user173,user173@example.com,2022-11-28 13:52:30
174,user174,user174@example.com,2021-05-22 02:09:38
175,user175,user175@example.com,2020-02-26 04:15:28
176,user176,user176@example.com,2021-08-23 05:56:44
177,user177,user177@example.com,2020-07-23 04:11:24
178,user178,user178@example.com,2023-01-21 18:01:57
179,user179,user179@example.com,2023-03-31 05:16:51
180,user180,user180@example.com,2022-06-12 16:16:13
181,user181,user181@example.com,2022-08-23 22:18:54
182,user182,user182@example.com,2023-03-21 02:34:46
183,user183,user183@example.com,2021-01-08 04:51:23
184,user184,user184@example.com,2022-04-26 05:04:26
185,user185,user185@example.com,2020-06-18 23:41:11
186,user186,user186@example.com,2020-10-27 12:25:51
187,user187,user187@example.com,2020-09-07 18:20:56
188,user188,user188@example.com,2023-11-05 22:09:47
189,user189,user189@example.com,2023-03-30 06:55:02
190,user190,user190@example.com,2022-07-16 17:40:00
191,user191,user191@example.com,2020-05-15 04:33:04
192,user192,user192@example.com,2020-04-04 08:29:03
193,user193,user193@example.com,2021-09-10 20:34:11
194,user194,user194@example.com,2023-11-13 02:11:13
195,user195,user195@example.com,2020-11-09 16:32:30
196,user196,user196@example.com,2022-06-01 11:02:53
197,user197,user197@example.com,2022-09-25 12:49:46
198,user198,user198@example.com,2020-05-13 08:27:20
199,user199,user199@example.com,2022-06-12 07:50:28
200,user200,user200@example.com,2023-12-01 08:36:41
201,user201,user201@example.com,2022-05-17 05:52:09
202,user202,user202@example.com,2020-06-12 06:10:50
203,user203,user203@example.com,2023-04-06 09:10:42
204,user204,user204@example.com,2023-09-25 21:51:09
205,user205,user205@example.com,2023-07-01 00:21:52
206,user206,user206@example.com,2022-02-28 08:38:20
207,user207,user207@example.com,2020-01-21 17:57:55
208,user208,user208@example.com,2021-09-18 19:46:56
209,user209,user209@example.com,2022-05-18 21:21:57
210,user210,user210@example.com,2020-04-19 23:14:27
211,user211,user211@example.com,2020-07-21 11:12:23
212,user212,user212@example.com,2020-01-31 15:22:44
213,user213,user213@example.com,2021-07-17 04:51:38
214,user214,user214@example.com,2021-05-17 10:07:46
215,user215,user215@example.com,2022-12-20 15:37:12
216,user216,user216@example.com,2023-01-13 04:07:45
217,user217,user217@example.com,2020-04-14 01:15:54
218,user218,user218@example.com,2022-07-18 19:05:36
219,user219,user219@example.com,2020-10-20 10:52:30
220,user220,user220@example.com,2022-12-17 23:25:45
221,user221,user221@example.com,2020-03-25 17:20:50
222,user222,user222@example.com,2020-09-03 09:45:09
223,user223,user223@example.com,2020-02-05 22:22:49
224,user224,user224@example.com,2021-10-11 09:28:57
225,user225,user225@example.com,2021-11-03 21:50:16
226,user226,user226@example.com,2021-09-26 21:59:01
227,user227,user227@example.com,2022-04-20 19:09:44
228,user228,user228@example.com,2020-12-05 16:04:01
229,user229,user229@example.com,2022-08-25 11:14:06
230,user230,user230@example.com,2021-03-16 16:29:45
231,user231,user231@example.com,2020-05-30 10:07:23
232,user232,user232@example.com,2023-07-06 14:40:50
233,user233,user233@example.com,2020-02-08 16:16:16
234,user234,user234@example.com,2021-03-04 18:04:40
235,user235,user235@example.com,2022-01-01 17:00:11
236,user236,user236@example.com,2023-11-14 19:09:31
237,user237,user237@example.com,2023-08-14 20:32:02
238,user238,user238@example.com,2022-04-04 16:45:28
239,user239,user239@example.com,2020-08-19 18:58:50
240,user240,user240@example.com,2021-03-03 09:47:49
241,user241,user241@example.com,2021-03-18 02:07:53
242,user242,user242@example.com,2021-09-17 07:44:04
243,user243,user243@example.com,2022-10-20 10:58:06
244,user244,user244@example.com,2023-10-07 16:49:16
245,user245,user245@example.com,2020-03-07 19:33:20
246,user246,user246@example.com,2023-03-13 17:35:58
247,user247,user247@example.com,2023-08-06 05:07:04
248,user248,user248@example.com,2020-11-24 01:47:49
249,user249,user249@example.com,2022-12-17 05:17:57
250,user250,user250@example.com,2020-06-20 20:01:35
251,user251,user251@example.com,2023-08-17 14:32:36
252,user252,user252@example.com,2022-06-11 02:44:52
253,user253,user253@example.com,2023-04-06 03:50:42
254,user254,user254@example.com,2020-01-03 23:02:54
255,user255,user255@example.com,2020-04-25 10:38:21
256,user256,user256@example.com,2022-05-23 19:37:46
257,user257,user257@example.com,2022-01-28 11:31:45
258,user258,user258@example.com,2020-12-27 18:16:34
259,user259,user259@example.com,2023-10-03 00:58:48
260,user260,user260@example.com,2023-07-07 03:51:37
261,user261,user261@example.com,2020-12-07 10:28:50
262,user262,user262@example.com,2023-11-28 23:01:46
263,user263,user263@example.com,2023-08-14 12:35:17
264,user264,user264@example.com,2020-11-03 13:33:33
265,user265,user265@example.com,2023-05-18 03:40:49
266,user266,user266@example.com,2022-08-29 02:12:19
267,user267,user267@example.com,2022-03-29 03:24:04
268,user268,user268@example.com,2022-04-22 11:04:40
269,user269,user269@example.com,2023-04-20 07:36:03
270,user270,user270@example.com,2020-07-26 10:54:59
271,user271,user271@example.com,2020-01-08 19:24:55
272,user272,user272@example.com,2020-07-23 00:52:34
273,user273,user273@example.com,2020-11-24 09:23:10
274,user274,user274@example.com,2022-08-13 10:22:27
275,user275,user275@example.com,2020-08-05 20:06:27
276,user276,user276@example.com,2020-06-02 03:49:22
277,user277,user277@example.com,2022-04-24 05:49:18
278,user278,user278@example.com,2022-03-30 02:39:41
279,user279,user279@example.com,2020-12-19 02:09:56
280,user280,user280@example.com,2023-01-16 14:17:50
281,user281,user281@example.com,2021-05-04 18:23:28
282,user282,user282@example.com,2022-01-22 22:13:40
283,user283,user283@example.com,2020-01-07 13:58:42
284,user284,user284@example.com,2021-01-04 02:34:08
285,user285,user285@example.com,2020-02-26 05:16:24
286,user286,user286@example.com,2021-11-08 18:23:31
287,user287,user287@example.com,2023-03-22 08:57:50
288,user288,user288@example.com,2020-01-07 07:49:52
289,user289,user289@example.com,2020-08-29 14:18:03
290,user290,user290@example.com,2020-09-03 03:20:44
291,user291,user291@example.com,2020-09-25 23:06:45
292,user292,user292@example.com,2020-03-19 04:00:38
293,user293,user293@example.com,2022-04-18 04:10:14
294,user294,user294@example.com,2022-07-19 12:28:14
295,user295,user295@example.com,2021-11-02 22:06:06
296,user296,user296@example.com,2023-01-23 20:23:02
297,user297,user297@example.com,2022-02-04 03:23:10
298,user298,user298@example.com,2020-09-29 06:12:17
299,user299,user299@example.com,2020-09-10 15:53:25
300,user300,user300@example.com,2023-07-28 20:08:32
301,user301,user301@example.com,2020-05-03 12:26:57
302,user302,user302@example.com,2021-04-15 04:56:51
303,user303,user303@example.com,2021-12-08 13:34:47
304,user304,user304@example.com,2022-12-10 02:23:03
305,user305,user305@example.com,2021-05-16 20:26:23
306,user306,user306@example.com,2022-06-13 15:17:01
307,user307,user307@example.com,2023-03-08 05:22:34
308,user308,user308@example.com,2021-09-22 17:58:44
309,user309,user309@example.com,2022-12-02 10:18:48
310,user310,user310@example.com,2021-02-28 01:21:28
311,user311,user311@example.com,2020-09-09 22:31:11
312,user312,user312@example.com,2022-10-14 20:32:16
313,user313,user313@example.com,2022-10-25 23:17:47
314,user314,user314@example.com,2021-01-13 11:23:28
315,user315,user315@example.com,2023-07-30 10:58:20
316,user316,user316@example.com,2023-12-17 13:20:16
317,user317,user317@example.com,2021-07-30 14:42:02
318,user318,user318@example.com,2023-04-20 04:27:01
319,user319,user319@example.com,2020-12-31 15:05:03
320,user320,user320@example.com,2020-06-15 00:05:53
321,user321,user321@example.com,2022-12-18 19:33:56
322,user322,user322@example.com,2022-08-22 14:16:31
323,user323,user323@example.com,2022-10-07 09:02:24
324,user324,user324@example.com,2023-12-04 08:44:10
325,user325,user325@example.com,2020-08-28 06:41:40
326,user326,user326@example.com,2021-01-14 13:21:42
327,user327,user327@example.com,2023-06-14 16:16:19
328,user328,user328@example.com,2020-04-30 19:40:02
329,user329,user329@example.com,2022-01-17 01:23:05
330,user330,user330@example.com,2021-06-14 04:34:13
331,user331,user331@example.com,2020-03-15 01:05:03
332,user332,user332@example.com,2022-12-07 05:22:24
333,user333,user333@example.com,2023-10-10 23:53:13
334,user334,user334@example.com,2020-08-05 22:50:42
335,user335,user335@example.com,2022-07-10 22:21:56
336,user336,user336@example.com,2021-05-10 18:13:38
337,user337,user337@example.com,2023-04-27 12:13:40
338,user338,user338@example.com,2023-10-20 10:12:24
339,user339,user339@example.com,2020-11-07 22:32:38
340,user340,user340@example.com,2021-11-04 19:37:24
341,user341,user341@example.com,2020-04-03 18:09:25
342,user342,user342@example.com,2022-03-10 21:21:44
343,user343,user343@example.com,2020-11-28 10:55:51
344,user344,user344@example.com,2022-01-19 16:42:32
345,user345,user345@example.com,2021-05-22 23:31:25
346,user346,user346@example.com,2022-08-30 01:50:17
347,user347,user347@example.com,2020-06-15 09:34:20
348,user348,user348@example.com,2022-07-19 09:46:34
349,user349,user349@example.com,2022-09-21 06:10:54
350,user350,user350@example.com,2021-08-14 03:02:08
351,user351,user351@example.com,2020-04-13 01:44:39
352,user352,user352@example.com,2022-09-09 08:33:57
353,user353,user353@example.com,2023-02-07 03:10:38
354,user354,user354@example.com,2020-03-30 01:44:26
355,user355,user355@example.com,2020-07-12 15:58:17
356,user356,user356@example.com,2021-08-29 06:38:38
357,user357,user357@example.com,2021-05-28 04:01:52
358,user358,user358@example.com,2021-11-02 18:14:53
359,user359,user359@example.com,2021-06-15 19:11:02
360,user360,user360@example.com,2021-02-17 23:51:45
361,user361,user361@example.com,2021-11-02 00:51:39
362,user362,user362@example.com,2022-06-25 05:13:18
363,user363,user363@example.com,2022-09-09 15:14:16
364,user364,user364@example.com,2022-09-30 08:48:06
365,user365,user365@example.com,2023-01-16 13:08:48
366,user366,user366@example.com,2023-04-14 14:30:22
367,user367,user367@example.com,2022-05-05 07:19:55
368,user368,user368@example.com,2020-10-19 16:52:49
369,user369,user369@example.com,2020-05-21 04:30:42
370,user370,user370@example.com,2020-02-19 18:04:03
371,user371,user371@example.com,2023-03-20 13:27:12
372,user372,user372@example.com,2021-02-26 23:11:26
373,user373,user373@example.com,2023-10-14 17:33:45
374,user374,user374@example.com,2023-11-04 17:35:39
375,user375,user375@example.com,2021-11-08 08:23:57
376,user376,user376@example.com,2022-02-08 01:43:00
377,user377,user377@example.com,2020-02-17 16:46:14
378,user378,user378@example.com,2020-05-25 13:55:22
379,user379,user379@example.com,2023-03-30 10:24:36
380,user380,user380@example.com,2021-01-22 12:10:17
381,user381,user381@example.com,2020-08-01 18:04:14
382,user382,user382@example.com,2023-09-14 16:08:25
383,user383,user383@example.com,2020-11-15 00:41:59
384,user384,user384@example.com,2023-08-06 09:47:37
385,user385,user385@example.com,2020-05-14 06:30:31
386,user386,user386@example.com,2021-05-30 20:46:49
387,user387,user387@example.com,2020-11-07 23:43:28
388,user388,user388@example.com,2022-01-23 01:48:09
389,user389,user389@example.com,2021-12-24 05:32:58
390,user390,user390@example.com,2021-09-13 22:31:20
391,user391,user391@example.com,2020-12-28 02:54:57
392,user392,user392@example.com,2022-10-29 22:18:42
393,user393,user393@example.com,2023-06-02 08:07:47
394,user394,user394@example.com,2022-04-29 07:20:49
395,user395,user395@example.com,2022-02-17 01:22:22
396,user396,user396@example.com,2021-11-20 19:16:59
397,user397,user397@example.com,2022-03-03 22:03:39
398,user398,user398@example.com,2021-04-25 07:18:33
399,user399,user399@example.com,2022-09-08 14:15:25
400,user400,user400@example.com,2020-10-02 20:15:18
401,user401,user401@example.com,2022-03-31 23:32:58
402,user402,user402@example.com,2023-06-27 12:47:35
403,user403,user403@example.com,2022-01-26 00:48:52
404,user404,user404@example.com,2021-09-12 20:41:07
405,user405,user405@example.com,2020-04-29 08:27:15
406,user406,user406@example.com,2022-10-14 05:44:12
407,user407,user407@example.com,2021-09-11 04:08:32
408,user408,user408@example.com,2021-09-04 22:15:32
409,user409,user409@example.com,2022-08-12 03:20:59
410,user410,user410@example.com,2021-06-01 23:03:54
411,user411,user411@example.com,2021-02-09 10:33:02
412,user412,user412@example.com,2022-02-10 16:22:25
413,user413,user413@example.com,2021-07-23 03:36:00
414,user414,user414@example.com,2020-06-16 18:36:32
415,user415,user415@example.com,2022-07-08 15:47:53
416,user416,user416@example.com,2021-04-29 20:51:19
417,user417,user417@example.com,2022-02-15 16:37:04
418,user418,user418@example.com,2023-07-17 05:08:59
419,user419,user419@example.com,2021-07-28 23:35:13
420,user420,user420@example.com,2022-11-02 14:59:35
421,user421,user421@example.com,2021-08-06 14:24:49
422,user422,user422@example.com,2021-09-08 12:18:13
423,user423,user423@example.com,2021-11-25 10:40:08
424,user424,user424@example.com,2023-06-02 21:33:36
425,user425,user425@example.com,2021-05-28 14:47:44
426,user426,user426@example.com,2020-02-29 06:09:10
427,user427,user427@example.com,2021-12-01 04:37:45
428,user428,user428@example.com,2020-06-05 23:56:13
429,user429,user429@example.com,2021-06-10 05:57:56
430,user430,user430@example.com,2021-02-15 18:52:07
431,user431,user431@example.com,2020-01-03 10:19:39
432,user432,user432@example.com,2023-07-24 08:51:08
433,user433,user433@example.com,2022-12-26 06:14:35
434,user434,user434@example.com,2020-05-24 01:21:10
435,user435,user435@example.com,2023-06-15 12:02:00
436,user436,user436@example.com,2020-06-07 16:21:35
437,user437,user437@example.com,2023-07-13 12:42:27
438,user438,user438@example.com,2022-07-29 20:48:32
439,user439,user439@example.com,2022-01-15 12:35:47
440,user440,user440@example.com,2022-03-19 04:43:50
441,user441,user441@example.com,2022-12-18 03:21:36
442,user442,user442@example.com,2021-02-17 08:42:35
443,user443,user443@example.com,2021-12-19 15:04:47
444,user444,user444@example.com,2023-04-06 21:01:16
445,user445,user445@example.com,2022-11-19 03:22:09
446,user446,user446@example.com,2022-03-29 07:57:51
447,user447,user447@example.com,2020-10-09 05:35:02
448,user448,user448@example.com,2021-12-21 04:24:12
449,user449,user449@example.com,2021-03-31 16:52:57
450,user450,user450@example.com,2020-07-05 08:16:35
451,user451,user451@example.com,2022-06-17 17:31:37
452,user452,user452@example.com,2023-06-27 20:18:05
453,user453,user453@example.com,2020-06-06 09:43:42
454,user454,user454@example.com,2021-01-13 05:25:50
455,user455,user455@example.com,2020-11-17 00:22:43
456,user456,user456@example.com,2023-05-18 03:58:19
457,user457,user457@example.com,2023-05-16 11:59:56
458,user458,user458@example.com,2023-04-11 03:52:19
459,user459,user459@example.com,2022-11-04 00:55:25
460,user460,user460@example.com,2021-03-06 00:01:12
461,user461,user461@example.com,2020-01-09 14:04:14
462,user462,user462@example.com,2020-08-10 22:49:26
463,user463,user463@example.com,2023-02-26 07:32:43
464,user464,user464@example.com,2023-06-27 12:47:39
465,user465,user465@example.com,2021-08-19 14:37:16
466,user466,user466@example.com,2022-02-15 02:46:40
467,user467,user467@example.com,2022-09-12 22:08:31
468,user468,user468@example.com,2022-02-19 06:00:56
469,user469,user469@example.com,2022-01-26 04:16:58
470,user470,user470@example.com,2021-02-03 10:23:08
471,user471,user471@example.com,2023-11-04 19:52:08
472,user472,user472@example.com,2023-10-06 19:42:14
473,user473,user473@example.com,2023-01-04 10:15:41
474,user474,user474@example.com,2021-11-17 17:44:41
475,user475,user475@example.com,2020-04-12 22:42:00
476,user476,user476@example.com,2020-04-24 14:50:54
477,user477,user477@example.com,2022-10-20 21:07:03
478,user478,user478@example.com,2021-06-23 12:32:47
479,user479,user479@example.com,2022-05-28 18:56:16
480,user480,user480@example.com,2023-09-15 07:26:32
481,user481,user481@example.com,2022-03-25 10:37:13
482,user482,user482@example.com,2020-07-23 17:00:22
483,user483,user483@example.com,2020-01-07 04:18:51
484,user484,user484@example.com,2022-10-31 07:22:10
485,user485,user485@example.com,2022-01-05 21:43:17
486,user486,user486@example.com,2022-03-15 19:21:27
487,user487,user487@example.com,2020-11-24 10:52:44
488,user488,user488@example.com,2022-08-16 15:49:14
489,user489,user489@example.com,2020-09-22 18:43:21
490,user490,user490@example.com,2022-10-11 12:35:32
491,user491,user491@example.com,2020-06-25 02:43:33
492,user492,user492@example.com,2022-04-06 15:50:56
493,user493,user493@example.com,2022-06-24 03:44:17
494,user494,user494@example.com,2022-03-25 03:29:37
495,user495,user495@example.com,2022-03-10 17:07:43
496,user496,user496@example.com,2020-05-08 06:56:11
497,user497,user497@example.com,2021-08-20 14:41:37
498,user498,user498@example.com,2021-12-07 22:43:03
499,user499,user499@example.com,2023-10-29 00:48:18
500,user500,user500@example.com,2022-10-29 10:56:54
